<?xml version="1.0" encoding="UTF-8" standalone="yes"?>
<!--
    Kiwi Batch Installer Manifest File
    
-->
<installer>
    <addons>
        <addon>
            <addon_id>repository.kodibae</addon_id>
            <username>kodibae</username>
        </addon>
        <addon>
            <addon_id>plugin.video.exodus</addon_id>
            <username>kodibae</username>
        </addon>
        <addon>
            <addon_id>incursion.repository</addon_id>
            <username>nixgates</username>
        </addon>
        <addon>
            <addon_id>plugin.video.incursion</addon_id>
            <username>nixgates</username>
        </addon>
        <addon>
            <addon_id>repository.iceballs</addon_id>
            <username>Iceballs</username>
        </addon>
    </addons>
</installer>
